et_title_product_id,et_title_product_name,et_title_variation_id,et_title_variation_name,et_title_parent_sku,et_title_variation_sku,et_title_variation_price,ps_gtin_code,et_title_variation_stock,ps_minimum_purchase_quantity,ps_maximum_purchase_quantity,ps_maximum_purchase_quantity_start_date,ps_maximum_purchase_quantity_time_period,ps_maximum_purchase_quantity_end_date,et_title_reason
sales_info,35b74571cd927608dc4cc2b998b916cb,0,235099026,"{""search_condition"":{}}",,,,,,,,,,
Kode Produk,Nama Produk,Kode Variasi,Nama Variasi,SKU Induk,SKU,Harga,GTIN,Stok,Min. Jumlah Pembelian,Maks. Jumlah Pembelian,Maks. Jumlah Pembelian - Tanggal Mulai,Maks. Jumlah Pembelian - Jumlah Hari,Maks. Jumlah Pembelian - Tanggal Berakhir,Alasan Gagal
,,,,,,Wajib,,Wajib,,,,,,
,,,,,,,,,,,,,,
,,,,,,Mohon masukkan 99 sampai 1000000000 untuk harga produk. Batas harga produk termahal dibagi harga harga produk termurah: 7,,,"Min. jumlah pembelian merupakan isi dari tingkatan produk. Pembeli dapat memesan variasi yang berbeda untuk mencapai min. jumlah pembelian. Jika dikosongkan, min. jumlah pembelian akan otomatis bernilai 1. Pastikan stok lebih besar dari min. jumlah pembelian agar Pembeli dapat membuat pesanan.","[Per Pesanan + Per Periode] Pengaturan ini akan membatasi Maks. jumlah pembelian yang dapat dibeli per pesanan atau per periode. Mohon masukkan input dari 1 hingga 999,999.",[Hanya untuk Pengaturan Per Periode] Mohon tentukan tanggal mulai. Tanggal mulai tercepat adalah besok. Mohon masukkan format tanggal dalam YYYY-MM-DD.,"[Hanya untuk Pengaturan Per Periode] Batas Maks. jumlah pembelian akan berakhir (untuk tipe periode ""Tidak Berulang"") atau mulai kembali (untuk tipe periode ""Berulang"") setelah jumlah hari yang ditentukan. Mohon masukkan 1 sampai 365.","[Hanya untuk Pengaturan Per Periode] Mohon masukkan tanggal dalam format YYY-MM-DD. 

Untuk tipe periode ""Tidak Berulang"", tanggal berakhir = tanggal mulai + jumlah hari - 1. Contoh: tanggal mulai = 2021-05-01, jumlah hari = 10 hari, tanggal berakhir = 2021-05-10. 

Untuk tipe periode ""Berulang"", tanggal berakhir harus kelipatan dari jumlah hari. Contoh: tanggal mulai = 2021-05-01, jumlah hari = 10 hari, jika kamu ingin pengaturan ini diulang 2x (3 periode), tanggal berakhir = 2021-05-30.",
56750629227,CUP / Thumbler Stenlees Steel 600ml,410055302398,Hitam,,,81000,,10,1,,,,,
56750629227,CUP / Thumbler Stenlees Steel 600ml,410055302399,Merah,,,81000,,10,,,,,,
56750629227,CUP / Thumbler Stenlees Steel 600ml,410055302397,Kuning,,,81000,,10,,,,,,
52850580958,Thumbler  Stenless Steel SUS 316,315051134104,Abu abu,,,81000,,10,1,,,,,
52850580958,Thumbler  Stenless Steel SUS 316,129476018514,Hitam,,,81000,,10,,,,,,
52850580958,Thumbler  Stenless Steel SUS 316,315051134103,Putih,,,81000,,10,,,,,,
44470295506,Piring cakram Belakang Supra X 125,296656382385,,,,87500,,45,1,,,,,
44420839683,KABEL RPM MEGAPRO 2006,248940994503,,,,31300,,0,1,,,,,
43204382053,Gear Box KM Supra Fit New,295370870183,,,,34600,,45,1,,,,,
41270844066,kabel RPM MEGAPRO 2006,248941029821,,,,31900,,35,1,,,,,
41174021309,Saklar Kiri Dan Kanan MegaPro New 2010-2011,276950957704,,,,126400,,45,1,,,,,
29915721216,KABEL GAS THUNDER 125,49829851305,,,,26500,,35,0,,,,,
29742032131,KABEL RPM MEGAPRO 2006,276700685394,,,,31300,,0,1,,,,,
29621196965,Shockbreker Jupiter Z-New-Z1/Vega R-New/Vega ZR/Force1ZR,29866006590,,,,198700,,35,0,,,,,
29608673673,TAS TORY TB SPEEDY,215330265622,,,,321800,,10,1,,,,,
29561443194,"DOMPET HPO GG 2 RESELETING, POUCH PHONE, BAHAN WP& EMBOSS IMPORT",176684164223,,,,92000,,10,0,,,,,
29365051236,Bendit Stater Mio M3/Mio S/Mio Z/Fino 125/Soul GT 125,79827064190,,,,31900,,35,0,,,,,
29328005003,TAS RANSEL CHIBAO,108604669682,,,,156500,,10,0,,,,,
29261386614,Mur Mangkok Stang Comstir Vario/Beat/Scoopy/Spacy/Vario 125 F1/Beat F1/Scoopy F1/Spacy F1,205393722460,,,,29200,,35,0,,,,,
29214336107,POMPA OLI/OIL PUMP JUPITER Z/ VEGA R NEW,109289741001,,,,75100,,35,0,,,,,
29123885332,Sikat Gigi Korea Original,188157591802,,,,24300,,100,0,,,,,
29111443469,PARFUM WANGI UNICORN,79813938101,,,,81000,,10,0,,,,,
29069697741,Pelampung Bensin Megapro/Tiger /GLpro,205613862204,,,,47000,,35,0,,,,,
29003653876,Karet Barstep Grand/Supra,241079806279,,,,20500,,35,0,,,,,
28827715966,AS SHOCK SET SATRIA FU 150,188255003540,,,,183600,,33,1,,,,,
28769706876,Master Rem Depan Set Handle KLX 150,237110188729,,,,94500,,35,0,,,,,
28715924586,Kampas Rem Depan/Dispad Mio 125/M3/Mio J/Soul GT,226951607604,,,,57800,,12,0,,,,,
28683456958,Sensor TPS/MAQS Mio J/Soul GT/X-Ride/Fino F1/Nmax/Xeon/Vixion New,218426121108,,,,91800,,35,1,,,,,
28677715647,AS SHOCK DEPAN VARIO/BEAT/SCOOPY/SPACY,227432360457,,,,118300,,35,0,,,,,
28565630154,As Gigi Selah Mio/Mio J/Fino/Mio Soul GT,205500527906,,,,58300,,35,0,,,,,
28550878414,Pompa OLI /Oil pump Karisma /Supra X125,176489408330,,,,84200,,45,0,,,,,
28469698076,Pelampung BensinTiger New,168582715350,,,,47000,,35,0,,,,,
28466202283,SHOCK ABSORBER RX KING - NEW,157532387740,,,,221400,,35,0,,,,,
28455510271,Tas FOS Fssl Selempang,236552476394,,,,160900,,0,0,,,,,
28369710495,CDI Shogun 110/Shogun Kebo,257182445918,,,,117700,,35,0,,,,,
28360892853,Tromol Belakang Set Lahar Dan Jari Jari Jupiter Z New /Vega ZR /Jupiter MX/Vega R New,226759384293,,,,268900,,33,0,,,,,
28212662020,Handle Rem Kiri Set Dudukan Scoopy,207842829558,,,,60500,,49,0,,,,,
28060893322,Pedal Rem Belakang Jupiter Z/Vega R/Force1,187797482866,,,,62100,,35,0,,,,,
28010119533,Kran Bensin GL PRO,241523908022,,,,38300,,35,0,,,,,
28009026168,GESPER/ IKAT PINGGANG  COC PRIA,99630343229,,,,90200,,10,0,,,,,
27905501951,Tas Fos Fssl Mini Selempang,246209202605,,,,139300,,0,0,,,,,
27816165195,Standar Tengah Supra X 125/Karisma/Supra Fit New/Revo Lama,168510093670,,,,99900,,35,0,,,,,
27803624617,Spull /Spool Assy Vixion New/NVL 1PA-H1410-00,246077726070,,,,123700,,35,0,,,,,
27756566255,TUTUP KLEP + ORING KARET MIO LAMA/MIO SOUL/SPORTY,178332696438,,,,15700,,45,0,,,,,
27565609249,SHOCK ABSORBER SCORPIO,233380967650,,,,212800,,35,0,,,,,
27533752773,Aki Kering Federal FTZ-5S( 12Volt 5Ah,243205164952,,,,148500,,35,1,,,,,
27506558394,KABEL BODY SET MIO LAMA 5 TL/SPORTY,223049928419,,,,166900,,45,0,,,,,
27478021468,TAS SELEMPANG i.t.MKONTOV,237445428995,,,,130100,,10,1,,,,,
27420800931,Oil Seal Set Karisma,237156630054,,,,20500,,35,0,,,,,
27323895663,Minyak Ikan Alaska E Omega 3 isi 180butir,79511440656,,,,480600,,10,0,,,,,
27310137426,Kran Bensin Motor Jupiter MX /Mio/Mio Sporty,157448449965,,,,36200,,35,0,,,,,
27215937039,Kampas Kopling/Plat Kopling Racing Set Supra/Grand/Supra Fit/Supra Fit,166766401046,,,,94500,,35,0,,,,,
27213019658,FILTER UDARA MIO J/SOUL GT/FINO,139087023752,,,,31900,,35,0,,,,,
27077707599,As Shock Beat F1/Vario CBS/Vario 125/Vario 150,257744199087,,,,118300,,35,0,,,,,
27028799159,TAS RANSEL STYLE KOREA,242823113915,,,,77200,,0,1,,,,,
26877994810,Tas Selempang PantorStories,242766134643,,,,120400,,10,0,,,,,
26869701619,Pelampung Tangki Bensin Satria Fu 150,227110060938,,,,41600,,35,0,,,,,
26867669615,DINAMO STATER  SPIN 125/SKYWAVE/SKYDRV,207977825219,,,,185800,,35,0,,,,,
26855509900,Tas Tory TB Rabbit Speedy,137984911647,,,,214900,,10,1,,,,,
26832053543,AS SHOCK SET DEPAN MEGAPRO NEW 2011,243080910484,,,,194400,,35,1,,,,,
26724260538,Pasta Gigi Ekstra Propolis & Teh Hijau 50g,252524171902,,,,25400,,0,1,,,,,
26710129591,KRAN BENSIN MIO/MIO SOUL,256524758465,,,,41600,,34,0,,,,,
26678004725,TAS SELEMPANG LORO PIANA,157708164633,Cokelat,,,92800,,10,1,,,,,
26569701794,Pelampung Bensin Megapro  New,109339989565,,,,47000,,35,0,,,,,
26426891295,SHOKBREKER MEGA PRO/GL PRO-NEW,252687982870,,,,216000,,35,0,,,,,
26267679670,DINAMO STATER ASSY GRAND/SUPRA X,168541079521,,,,166300,,35,0,,,,,
26262666533,Dudukan Spion Kanan MX King /Jupiter MX,246687064186,,,,18900,,47,0,,,,,
26256491167,KABEL BODY JUPITER Z,226594470474,,,,145300,,35,0,,,,,
26214873656,One Way Assy Xeon-RC/Soul GT125/Mio M3/Mio Z/Mio S/Xride125/Fino125/Aerox125,29530854154,,,,91800,,35,0,,,,,
26105516617,Tas Mickey Weiduoliya Mini Selempang,89604995353,,,,258100,,10,1,,,,,
25984079929,KABEL BODY RX KING NEW 3 KA,119223029333,,,,123700,,35,0,,,,,
25965875051,DINAMO STATER ASSY VEGA ZR/JUPITER  Z NEW,178081665668,,,,165200,,42,0,,,,,
25891976720,AS SHOCK DEPAN SUPRA X 125,139257146773,,,,125300,,35,0,,,,,
25876463109,Gear Box Kilometer Kaze,88911067761,,,,34600,,49,0,,,,,
25807339119,Lampu LED Senja(Sinar Putih Terang)2Pcs,187261197800,,,,17800,,50,0,,,,,
25716008663,Kaca Spion Honda Set Bulat Cembung Stainless Crom Gagang/Tangkai Pendek,166353743628,,,,45400,,33,0,,,,,
25586069044,Mur Mangkok Stang Comstir Supra/Grand/Legenda/Supra Fit/Supra Fit New/Supra X125/Karisma/Supra X125 F1/Blade Lama/Blade F1/Blade 125/Revo Lama/Revo Absolute/Revo Fit,251600822604,,,,29200,,32,0,,,,,
25507324155,Lampu Led Bebek Kopling/Non Kopling/Matic,245191666428,,,,41600,,49,0,,,,,
25381130001,Saklar Lampu Set Kiri Dan Kanan Thunder 125,245875351071,,,,131800,,48,0,,,,,
25290605096,Pasta Gigi Sensitif Original,178670190487,,,,72900,,100,0,,,,,
25216001633,Kaca Spion Bulat Crom All Yamaha,217338833572,,,,52900,,32,0,,,,,
25065853931,Kunci Kontak Assy Byson,79398370128,,,,84200,,44,0,,,,,
25035950573,Komstir Supra Fit/Supra X/Grand/Karisma/Revo/Blade/Vario,233211817089,,,,29200,,35,0,,,,,
25010719230,"Roller Set @8GR Mio/Sporty/Smile/Mio Soul/Mio J/Fino115/Xride115/Soul GT115/Nouvo,8 GR",232483090365,,,,39400,,45,0,,,,,
24958360482,Pulser Spull Mio/Mio Soul/Sporty/Mio J/Soul GT/Fino  dan lain-lain,250217330959,,,,34600,,45,0,,,,,
24909536490,Per Baut Bosh Handle Rem Kanan Beat f1 CBS/Vario 125 F1 cbs,240245024856,,,,13000,,100,0,,,,,
24881095326,Standar Samping Crom Vixion,255870532884,,,,43200,,45,0,,,,,
24865861470,OIL PUMP/POMPA OLI VIXION,194935689573,,,,80500,,42,0,,,,,
24800528895,Shockbreker MX King Thailand,232256513976,,,,220900,,40,1,,,,,
24784119055,KABEL SET VEGA ZR,241288220901,,,,169000,,45,0,,,,,
24512479717,Kunci Busi Satria Fu 150,222506555504,,,,20500,,49,0,,,,,
24422496563,KUNCI ASSY JUPITER MX NEW YAMAHA,205010610989,,,,155500,,40,0,,,,,
24415931347,Handle Rem Kiri Set Dudukan Spion Hitam Mio J/Mio GT/Soul GT115/Soul GT125/Fino 125/Mio M3/X-Ride/Xeon,176353168182,,,,67000,,44,1,,,,,
24388401144,Kaliper Depan mIo Soul/Mio Sporty/Xeon,207979722184,,,,118800,,35,1,,,,,
24340735997,Shampoo Absolute Rambut Rontok Original,198168960415,,,,307800,,10,0,,,,,
24292343826,TAS  SELEMPANG /JINJING AMAZENFAN,223898744941,,,,76700,,10,0,,,,,
24276369955,OIL PUMP /POMPA OLI REVO ABSOLUTE/BLADE,240706678064,,,,42100,,50,0,,,,,
24242556122,TAS SERUT SELEMPANG,195870282158,,,,77200,,10,1,,,,,
24242068172,TAS PAZZEL IMPORT,237444556252,,,,213000,,10,0,,,,,
24060523147,Gearbox Kilometer Jupiter MX/Jupiter Z/Force1/vega R/Vega R New/Vega ZR,226013556829,,,,34000,,45,1,,,,,
24013553550,Pulser Spull Smash,217317409458,,,,34600,,40,0,,,,,
23913791767,Kaliper Belakang Set Dispad Nmax,213618725523,,,,125300,,30,1,,,,,
23775574064,Rumah Roller Set Komplit Xeon/Xeon 125/Xeon Rc,127658394549,,,,164200,,70,0,,,,,
23645328936,Standar Samping Supra X 125 Helm In,206813807823,,,,41000,,30,0,,,,,
23572905839,Saklar Lampu Kiri Scorpio,225380360023,,,,67500,,70,0,,,,,
23334815634,HandGrip Set Domino,194113723557,,,,31900,,36,0,,,,,
23133846564,Pelampung Bensin Vega ZR,214091398910,,,,41600,,90,0,,,,,
22947832943,Tutup Tangki Bensin Thunder 125,186870958298,,,,86400,,65,1,,,,,
22639166258,Seal/Karet Roda Depan Set Karisma/Supra X 125/Supra Fit/Supra X/Vario/Beat/Scoopy/Spacy,165834620704,,,,15700,,87,0,,,,,
22604673831,Kampas Rem Cakram Belakang Supra X 125 DD/Satria Fu 150,146220364708,,,,20000,,30,0,,,,,
22527303364,Sensor TPS Beat F1/Vario 110 F1/Vario 125/Vario 150,193929311557,,,,50800,,36,0,,,,,
22371928559,Selang Disk Belakang PCX150,235346938242,,,,62100,,70,0,,,,,
22328059121,One Way Assy Spin 125/Skywave/Skydrive,183949345313,,,,104800,,30,0,,,,,
22209581960,Kampas Ganda Assy Blade New F1 KWW/Revo F1,146405834618,,,,106900,,29,0,,,,,
21981180489,Radiator Vario 110 Old,231736466951,,,,178200,,70,0,,,,,
21927909336,Packing Kopling Supra X 125/Karisma,211446754055,,,,7600,,30,0,,,,,
21830478303,Baut Sambungan/Peninggi Spion Set All Honda 10MM/14MM,181572158362,,,,17800,,49,0,,,,,
21807139873,Soket TPS Honda Type F1 Beat f1/Vario f1/Scoopy f1/Spacy f1/Blade New/Supra X 125 F1/Verza f1,180408287407,,,,29200,,70,0,,,,,
21746685861,Minyak Gemuk/Grease,192357574337,,,,11900,,30,0,,,,,
21731870262,LED Sen/ Senja Blue 2Pcs,126463780062,,,,16200,,30,0,,,,,
21644107516,Sensor CKP/Sensor Stator Vario 125 F1,192232881023,,,,104800,,30,0,,,,,
21631157768,Raiser/Peninggi Stang Motor Honda,201606070561,,,,56200,,35,1,,,,,
21623324216,Kabel Kilometer Jupiter Z/Vega R/Vega R New,211215441433,,,,29200,,30,0,,,,,
21550355585,Stelan Tensioner Satria Fu 150,155893943000,,,,39400,,30,0,,,,,
21451250934,Baut Sambungan/Peninggi Spion Set Suzuki Drat Luar 8mm Ke Suzuki Drat Dalam 8mm,117517416413,,,,17800,,48,0,,,,,
21425485280,Master Rem Kit Revo Absolute,38953151577,,,,14000,,30,0,,,,,
21417553654,Saklar Kanan RH Grand,116975804337,,,,56200,,30,0,,,,,
21410122563,Pulser Beat f1/Vario,190575563213,,,,34600,,30,0,,,,,
21235377008,Sambungan Rante 428H,201815808592,,,,4900,,50,0,,,,,
21044173297,Sambungan Handle Rem Kanan Honda Matic CBS Beat F1 Esp/Beat Pop/Beat street/Vario 110 F1 CBS/Vario 125 F1 CBS/Vario 150 CBS,29325836365,"Hitam (1),All Size",,,31900,,189,1,,,,,
21044173297,Sambungan Handle Rem Kanan Honda Matic CBS Beat F1 Esp/Beat Pop/Beat street/Vario 110 F1 CBS/Vario 125 F1 CBS/Vario 150 CBS,29325836366,"Hitam (2),All Size",,,31900,,187,,,,,,
21039378162,Karet Barstep Depan Smash/Shogun,145599621046,,,,17800,,70,0,,,,,
20938069043,Gearbox Kilometer Mio/Sporty/Mio Soul/Mio GT/Mio J/Soul GT/X-Ride/Fino/M3/Xeon,145564945431,,,,34000,,70,0,,,,,
20851255086,Pelampung Bensin Vario Lama atau Vario Karbu,192580795398,,,,41600,,30,0,,,,,
20735363664,Kunci Busi Flexible 16MM Motor Bebek/Matic/Vixion/CBR dll,181815156661,,,,40000,,29,0,,,,,
20725481784,Master Rem Kit Vario/Beat/Scoopy/Spacy,88032212816,,,,14000,,30,0,,,,,
20639375401,Pulley Only Beat/Scoopy/Spacy,117325557574,,,,147400,,30,0,,,,,
20609714042,Bosh  MonoShock Set Mio/Mio GT/Mio J/Soul GT/Xride/M3/Xeon,180553998345,,,,22700,,46,0,,,,,
20609697304,Bosh Tromol Belakang Supra X 125 Double Disk Cakram,180552933725,,,,18400,,10,0,,,,,
20450819125,Kaca Spion Bulat Cembung stainless Crom Tangkai Pendek Yamaha,69100628398,,,,45900,,30,0,,,,,
20438036272,Kunci Kontak Assy Supra Fit New 2007,211941075827,,,,95600,,30,0,,,,,
20431862015,Klakson Keong,78989929555,,,,37800,,33,0,,,,,
20390131621,Saklar Lampu Kiri Byson,88732148703,,,,67500,,70,0,,,,,
20343707910,Busi C7HSA NGK Supra/Grand/Supra Fit/Legenda/Mio/Sporty/Mio soul/Jupiter Z/Vega R/Shogun/Smash,145714804101,,,,18400,,30,0,,,,,
20300326970,Klakson RX King,135555852991,,,,69700,,30,0,,,,,
20135369409,Kabel Rpm Ninja,191815435598,,,,30800,,0,0,,,,,
20061308645,Karet Barstep Depan Set Jupiter Z,117701555461,,,,17800,,30,0,,,,,
20061306001,Kampas Rem Cakram Depan Jupiter MX/Vega ZR/Vega R New/Mio All New,88442679660,,,,20000,,28,0,,,,,
20057230144,Minyak Rantai,164873189412,,,,18900,,40,0,,,,,
20030480681,Raiser/Peninggi Stang Motor Yamaha,201572270110,,,,56200,,25,1,,,,,
19929485352,Baut Sambungan Peninggi Spion Set Honda Drat Luar 10MM/14MM Ke Suzuki Drat Dalam 8MM/12MM,201524719758,,,,17800,,55,0,,,,,
19909717105,Tromol Disk Cakram Belakang Set Lahar Jupiter MX New,78852626943,,,,207400,,33,0,,,,,
19839374724,Baut Sambungan/Peninggi Spion Set Drat Luar 8MM Suzuki ke Drat Dalam 10MM Honda,212005079004,,,,17800,,68,0,,,,,
19833936218,Karet Vacum Assy Carburator Thunder 125,126505886971,,,,48100,,30,0,,,,,
19825440285,Kaca Spion Set Satria Fu 150 Mur 12MM,173743875887,,,,34600,,30,0,,,,,
19796275121,Foot Step Belakang Tiger,250245010527,,,,50800,,45,0,,,,,
19733944434,Seal Stud Kopling Satria Fu 150,117238605454,,,,7600,,30,0,,,,,
19723325740,Kunci Kontak Assy Supra X 125,211215517933,,,,94000,,30,0,,,,,
19721139059,Kunci Kontak Assy Force 1,211122806103,,,,126400,,33,0,,,,,
19714912354,Seal Operan Gigi Grand/Supra/Legenda/Supra Fit/Karisma/Kirana/Supra X 125/Revo Lama/Win,190831454550,,,,4900,,29,0,,,,,
19627916851,Manipul Beat,68966554723,,,,58900,,30,0,,,,,
19569613148,Napgear Supra X 125 Double Disk Cakram,165402989288,,,,88600,,30,0,,,,,
19521447446,Kunci Kontak Assy Beat F1 Esp,107035700098,,,,91800,,30,0,,,,,
19385465578,As Shock  Set Beat F1,176157473340,,,,225700,,70,0,,,,,
19250821967,Handle Kopling Set Rumah Handle Kopling Jupiter Mx,136850091813,,,,56700,,30,0,,,,,
19131870256,LED Senja/Sen Blue 2pcs,211643916216,,,,17800,,30,0,,,,,
19126820588,Oil Pump Vega ZR/Jupiter Z New,155261549709,,,,80500,,45,0,,,,,
19045693082,Sensor CKP/Sensor stator Vario 150,202309193264,,,,104800,,30,0,,,,,
19026837646,Tutup Busi Mio/Sporty/Mio Soul,181392596721,,,,17800,,30,0,,,,,
19016608719,As Shock Depan Set 2Pcs Honda Bebek /Honda Matic,180912210024,,,,16200,,2000,0,,,,,
19007128870,Soket CDI Mio/Mio Soul/Sporty/Jupiter Z/Vega R,144673771175,,,,18400,,29,0,,,,,
18857223367,Kampas Kopling/Plat Kopling Racing Supra X 125/Karisma,156083534248,,,,94500,,33,0,,,,,
18809691559,Soket Kiprok Tiger/Megapro/Megapro Primus,173151168629,,,,15700,,30,0,,,,,
18712367710,Karet Tromol Karisma/Supra X 125 Rem Tromol Jari2,38875779527,,,,15700,,30,0,,,,,
18661562780,Komstir Supra/Grand/Supra Fit/Legenda/Supra X 125/Karisma/Revo/Revo absolute,156228743951,,,,37300,,30,1,,,,,
18643716572,Busi D8EA Megapro/Glpro/Tiger,192214772683,,,,18400,,70,0,,,,,
18643713127,Busi CPR6EA-9 Karisma/Supra X 125/Blade/Vario/Beat/Scoopy Spacy/CS1/Xeon/Vixion/Byson/Nmax/Jupiter MX/Satria Fu 150/Shogun 125,192214624108,,,,18400,,29,0,,,,,
18535357516,Kunci Busi Flexible 21MM Motor 2 Tak,107262208825,,,,40000,,30,0,,,,,
18521446362,Tutup Tromol Belakang Jupiter Z Lama/Force 1/Vega R lama,145120226517,,,,94000,,30,0,,,,,
18514901528,Kunci Kontak Assy Vario CBS,210830906296,,,,88600,,30,0,,,,,
18469613395,Napgear Jupiter MX New Disk Cakram,230604373760,,,,88600,,30,0,,,,,
18425436144,Kaca Spion Set Satria Fu 150 New Mur 14Mm,155222222351,,,,34600,,30,0,,,,,
18338550176,Gearbox Kilometer RX King/Scorpio,174210192686,,,,34000,,30,0,,,,,
18277087278,Carburator Cleaner 500ML,204113656984,,,,29700,,36,0,,,,,
18218197147,Seal Kick Stater Supra X 125/Karisma/Glpro/Megapro/Tiger/CBR/Verza/Cs1/Supra GTR 150/Blade 125F1,116985474574,,,,7600,,100,0,,,,,
18057233898,Kampas Kopling/Plat Kopling Racing Set Supra/Grand/Supra Fit/Supra Fit New/Legenda,59139941513,,,,94500,,30,0,,,,,
18017555669,Seal As Shock Depan Set 2Pcs Honda Bebek /Honda Matic,163480542941,,,,16200,,60,0,,,,,
17995115261,Saklar Lampu Kanan Byson,196835185570,,,,56700,,70,0,,,,,
17827677843,Handle Kopling Set Rumah Handle Kopling MX King,171097231407,,,,56700,,27,0,,,,,
17820819643,Master Rem Atas Kanan Megapro New/Tiger/Tiger New/Tiger Revo,160797323967,,,,88600,,35,0,,,,,
17801005407,Handle Set Kiri & Kanan Crom Vixion,105388319105,,,,50800,,30,0,,,,,
17795119800,CDI Satria Fu 150,235347029118,,,,129600,,70,0,,,,,
17704649589,Kunci Busi 21MM RX KING/RXS/RXZ/F1ZR/RGR/Ninja 2 Tak,142510099949,,,,20500,,20,0,,,,,
17660428173,Karet Mounting Set Mio/Mio J/Mio GT/Soul GT/Fino/X-Ride/M3/Xeon/Xeon rc,28860053461,,,,22100,,30,0,,,,,
17583146308,Per CVT Pulley Spin 125/Skywave/Skydrive,181941300320,,,,48100,,29,0,,,,,
17560401532,Lem Gasket/Packing Blok Mesin Universal,154174836782,,,,16200,,30,0,,,,,
17530669885,Handle Rem Set LH/RH Crom Scoopy,78534358402,,,,41600,,30,0,,,,,
17413478557,Noken As Spin 125,170480032136,,,,112900,,30,0,,,,,
17412756271,Seal Set Mio M3/Mio 125,78410059419,,,,35100,,30,0,,,,,
17378906551,Oil Pump Grand/Supra/Legenda/Astrea/Supra Fit,155140441594,,,,42100,,70,0,,,,,
17311547847,Kran Bensin Spin 125,68404306735,,,,45900,,30,0,,,,,
17306513971,Saklar Set Kiri & Kanan Nmax,115484565866,,,,121500,,30,0,,,,,
17211533374,Kiprok Regulator Smash/Shogun,86987902633,,,,48100,,30,0,,,,,
17175249738,Baut Sambungan/Peninggi Spion Set Kiri & Kanan Motor Yamaha,154860906890,,,,17800,,47,0,,,,,
17127681758,Handle Kopling Set Rumah Handle Kopling Jupiter MX New,105875272841,,,,56700,,22,0,,,,,
17120826112,Rumah Kampas Kopling Supra/Supra X/Grand/Legenda/Supra Fit Old/Supra Fit New,68467756516,,,,56700,,29,0,,,,,
17101008131,Handle Set Kiri & Kanan Crom Beat F1 CBS/Vario 150 Esp,68344744120,,,,50800,,29,0,,,,,
17075250590,Baut Sambungan Spion Set Kiri & Kanan Yamaha Ke Spion Honda,200688744213,,,,17800,,50,0,,,,,
17008640405,Tonjokan Master Rem Belakang Jupiter MX New,48390727540,,,,77800,,30,0,,,,,
16927614994,Kampas Ganda Assy Vario 110 Lama,171094414293,,,,152300,,30,0,,,,,
16926944495,Mangkok Ganda Assy Vario 125F1/Vario 150 esp,124763121516,,,,94000,,30,0,,,,,
16831107694,Breket/Penyangga Set Selang Rem Disk Depan,105933959648,,,,21600,,5,0,,,,,
16760099570,One Way Assy  Vixion,172356471644,,,,94000,,30,0,,,,,
16726947806,Kampas Ganda Assy Set Mangkok Vario 110 Karbu,87193972327,,,,261400,,45,0,,,,,
16601012554,Handle Set Kiri & Kanan Crom Beat/Vario,96873796060,,,,50800,,30,0,,,,,
16527687494,As Gigi Selah Engkol Spin125,153207889144,,,,63200,,35,1,,,,,
16517184881,Saklar Kiri  Satria Fu 150 Non Aho (On/off Lampu Utama&Senja),68440894460,,,,67000,,40,0,,,,,
16484788682,Kampas Ganda Only Hayate,202232717485,,,,124200,,30,0,,,,,
16449815048,Bendit Stater Xeon/Xeon Rc,97461965406,,,,72900,,30,0,,,,,
16401278702,Stelan Tensioner Scorpio,134172781536,,,,39400,,30,0,,,,,
16360127293,Kiprok Supra/Supra X/Supra Fit/Revo,135516178411,,,,50200,,30,0,,,,,
16227700042,Piring Cakram Disk Belakang Megapro New/Tiger Revo/Tiger New/CBR150,143208252625,,,,85900,,30,0,,,,,
16219577194,Saklar Kiri LH Jupiter Mx,134567511258,,,,59400,,30,0,,,,,
16212768599,Seal Set Soul GT 125/Xeon 125/Xeon RC,160445608549,,,,35100,,30,0,,,,,
16212493108,Seal Set Mio/Mio Soul,170431392899,,,,35100,,30,0,,,,,
16027584497,Kampas Ganda Assy Set Mangkok Vario 125 F1 CBS/Vario 150 F1 CBS,161093069655,,,,261400,,30,0,,,,,
16006524338,Saklar Kanan RH Nmax,170251502899,,,,56700,,30,0,,,,,
15948267006,Kampas Ganda Assy Shogun 125,86811803746,,,,110200,,40,0,,,,,
15749859266,Karet Head Vario 125 F1 CBS,105334919757,,,,17300,,30,0,,,,,
15719704889,Raiser/Peninggi Stang Motor Universal,123027720291,,,,72400,,36,0,,,,,
15701752467,Baut Caliper Bawah Honda Set/2pcs,85915791933,,,,9200,,50,0,,,,,
15656201038,Tonjokan Master Rem Belakang Satria Fu 150,152654030243,,,,77800,,30,0,,,,,
15592526741,Pulley Assy Spin 125/Skywave/Skydrive,202233648075,,,,371500,,45,0,,,,,
15539383020,Klakson GLPRO,105054112982,,,,23800,,29,0,,,,,
15487890968,Karet Tromol Supra X 125 DD,180701102246,,,,17800,,30,0,,,,,
15480609154,Repair Kit Carburator Mio/Sporty/Mio soul,106462505096,,,,29200,,30,0,,,,,
15439379636,Master Rem Atas Kanan Set Komplit Vega ZR/Vega R New/Jupiter MX/Jupiter Z New,123740729321,,,,285700,,24,0,,,,,
15424409891,Baut Gear Tromol Belakang Vega ZR/Vega R New/Jupiter MX/Jupiter Z New,86351227168,,,,20000,,5,0,,,,,
15422498520,Tromol Depan Disc Cakram Set Lahar/Bearing Karisma/Supra X 125,58052758786,,,,158800,,25,0,,,,,
15349849189,Tutup Tangki Bensin Gl Pro/Gl Neotech/Gl Max,86837312532,,,,50800,,30,0,,,,,
15257263285,Seal Set Vario 125F1,170429645566,,,,35100,,30,0,,,,,
15080620052,Kit Spray Multi Guna 100ML,162370648588,,,,16700,,30,0,,,,,
15080616930,Oli Gardan 100ML,144175460229,,,,14000,,29,0,,,,,
14989054647,Seal Stud Kopling RX KING,145037376463,,,,8600,,100,0,,,,,
14892870693,Kunci Kontak Assy Beat Esp/Beat Street,145794062486,,,,169600,,30,0,,,,,
14862922794,Rumah Handle Kopling/Dudukan Spion Kiri RXS,115807645239,,,,35100,,30,0,,,,,
14849862838,Karet Head N Max,105335025941,,,,29200,,30,0,,,,,
14622507038,Baut Sekrup Body Honda Set 10pcs,133127893904,,,,8600,,30,0,,,,,
14622327508,Pulser Thunder 125,123121056483,,,,34600,,49,0,,,,,
14564335451,Mangkok Ganda Assy Vario 110 Karbu,143184878609,,,,94000,,30,0,,,,,
14513364462,Tutup Klep Komplit Oring Karet Mio/Sporty/Mio Soul,114308897144,,,,13000,,30,0,,,,,
14463332392,Handle Kopling Megapro/Megapro New/Tiger/Tiger New,143122399575,,,,21100,,30,0,,,,,
14462653732,Handle Kopling Set Rumah Handle kopling RXS,105795768560,,,,56700,,30,0,,,,,
14426063617,Kiprok Thunder 125 New,133253525382,,,,124200,,39,0,,,,,
14380623897,Bosh Mono Shock Matic Yamaha/Honda,116462984609,,,,9200,,30,0,,,,,
14364329378,Pulser Supra/Grand/Supra Fit/Legenda/Revo Old,124762679732,,,,34600,,28,0,,,,,
14353464624,Kran Bensin RX King,134244996333,,,,40000,,35,0,,,,,
14322432305,Rumah Handle Kopling/Dudukan Spion Kiri Thunder 125,133124991070,,,,37800,,38,0,,,,,
14249530149,Master Rem Atas Kanan set Komplit Mio GT/Mio J/Soul GT/X-Ride/Fino/Mio M3/Xeon/Xeon RC,152303438548,,,,283500,,30,0,,,,,
14245597158,Mangkok Lonceng Ganda Assy Force 1,38290465299,,,,172800,,30,0,,,,,
14213358115,Tutup Klep Komplit Oring Karet Jupiter Z/Vega R/Vega R New/Vega zr,132795528691,,,,15700,,45,0,,,,,
14164701412,Baut Gear Tromol Belakang Set Jupiter Z Old/Vega r Old/Force1,161097784501,,,,20000,,18,0,,,,,
14164675182,Saringan Udara/Filter Udara Beat F1-Esp-Pop/Scoopy F1-Esp,28669626080,,,,29700,,30,0,,,,,
14149508611,Tromol Belakang Disk Cakram Set Lahar/Bearing Supra X 125 Double Disk,38323638700,,,,205200,,45,1,,,,,
14126818056,Shock Absorber Jupiter Z/Jupiter Z New/Jupiter Z1/Vega R Old/Vega R New/Vega ZR,133279460121,,,,199300,,30,0,,,,,
14108764950,Baut Klip As Shock Depan Honda Bebek/Honda matic,104177840020,,,,18400,,30,0,,,,,
14057780891,Pelatuk Klep Spin 125,142738514682,,,,104200,,30,0,,,,,
14050210430,Selang Rem Disk Depan Mio/Sporty/Mio Soul/Soul GT/Mio J/X-Ride/Fino/Mio M3/Xeon,86844117205,,,,61600,,40,0,,,,,
14049865210,Selang Rem Disk belakang Nmax ABS,152317659277,,,,94000,,30,0,,,,,
13915035014,Mangkok  Lonceng Kampas Ganda Jupiter z new 21T,85001732514,,,,166300,,30,0,,,,,
13818172508,Tiombol Set Beat Pop esp/Scoopy Esp/Vario 125 Led/Revo 110F1/Supra x 125 F1 New,77402997310,,,,36200,,50,0,,,,,
13715023093,Master Rem Belakang Komplit Megapro New/Tiger New/Tiger Revo/CBR150Old,102637657715,,,,328300,,30,0,,,,,
13702568495,Tromol Belakang/Hub Rear Set Lahar/Bearings Jupiter Z Old_Vega R Old_Force1_F1ZR,120085010879,,,,185800,,28,0,,,,,
13690577291,Mangkok Comstir Set Supra/Grand/Supra Fit/Legenda/Karisma/Supra X 125/Revo/Revo Absolute/Blade/Vario/Beat/Scoopy/Spacy,135523341424,,,,29200,,30,0,,,,,
13646676384,Handle Rem Kanan RH Scoopy,85769471367,,,,21100,,40,0,,,,,
13646668176,Handle Rem Kiri LH Scoopy,113769370355,,,,21100,,40,0,,,,,
13616316510,Saklar Tombol  Set Sen Hazard Karisma,112684516987,,,,42700,,50,1,,,,,
13576542853,Handle Set Kiri & Kanan Crom Megapro New/Tiger,152405843631,,,,50800,,30,0,,,,,
13555801741,Tutup Klep Komplit Oring Karet Supra/Grand/Supra Fit/Legenda/C70/Win/Revo Old,114177302457,,,,13000,,35,0,,,,,
13538572203,Piring Cakram Disk Depan Ninja 250/Ninja 150rr,121742199273,,,,129600,,30,0,,,,,
13375718700,Selang Rem Disk Depan Jupiter Z/Jupiter Z New/Jupiter Z1Jupiter MX/Vega ZR/Vega R/Vega R New,38328442439,,,,61600,,34,0,,,,,
13352986695,Master Rem Belakang Set Komplit Jupiter MX new,132425570455,,,,307800,,35,0,,,,,
13116300217,Kampas Ganda Assy Full Set Mangkok Lonceng Jupiter Z New 21T/Vega ZR 21T,130734359462,,,,267800,,40,1,,,,,
13101255316,Master Rem Belakang Full Set Vixion New,130018874022,,,,283500,,38,0,,,,,
13001246979,Tombol On/Off Serbaguna,130018542369,,,,7600,,29,0,,,,,
12982847757,Kampas Ganda Assy Vario 125 F1/Vario 150.,87202592910,,,,152300,,30,0,,,,,
12949093028,Blok Seher Set Komplit Piston Jupiter Z1,103852202347,,,,315900,,30,0,,,,,
12870613346,Mur Head Cylinder Set 4pcs Jupiter All type/RX King/RXS/Satria Fu/RXS/Mio/dan Lain-Lain,151851508424,,,,20000,,29,0,,,,,
12816620451,Tombol Saklar Set Sen Hazard Smash,102695364255,,,,42700,,50,0,,,,,
12770617200,Kunci Kontak Set Komplit Supra/Supra X,133741027488,,,,72400,,35,0,,,,,
12749079687,Blok Seher Set Komplit Piston Vega ZR,122215907165,,,,315900,,24,0,,,,,
12719233631,Tombol Saklar Set Sen Hazard Beat F1(2013)/Scoopy F1/Spacy F1/Vario 125 F1,37418460294,,,,40000,,40,0,,,,,
12690517034,Komstir Xeon GT125/Xeon RC,38723165354,,,,37300,,30,1,,,,,
12675679779,Saklar Kiri GLPRO 10 Kabel,152317805808,,,,74500,,30,0,,,,,
12649070936,"Karet Rumah Kopling Jupiter Z/Force1/Vega ZR/Vega R,/Vega R New",122215517452,,,,30800,,30,0,,,,,
12636317651,Kaliper Depan Set Dispad Rem Rx King Old/RXS,37633957895,,,,148000,,30,1,,,,,
12593708039,Bosh Gear Tromol Belakang Set Tiger/Megapro/GLpro,125981353423,,,,22100,,33,0,,,,,
12520406747,Kampas Ganda Only N Max,120919474300,,,,125800,,30,0,,,,,
12512838972,Kampas Ganda Assy Vega ZR_Jupiter Z New_Jupiter Z1,120579845845,,,,104800,,40,0,,,,,
12401230167,Bosh As Tromol Belakang Supra_Grand_Supra Fit_Legenda,112118081316,,,,18400,,30,0,,,,,
12395674105,Box Fuse/Rumah Sekring Set Vario 125/Beat F1 Esp/Scoopy F1 Esp/Verza/CBR150/Megapro New,145455709212,,,,67000,,29,0,,,,,
12316602958,Tombol Saklar Set Supra X 125/Supra Fit New/Vario/Beat Old,102694870475,,,,37300,,44,0,,,,,
12305564139,As Water pump Vario 125_Vario 150,102290323708,,,,70200,,25,0,,,,,
12174773828,Kaca Spion Beat,142245099232,,,,29200,,24,0,,,,,
12162421141,Saklar Kanan RH Jupiter Z/Vega R Old/Crypton,151045635175,,,,48100,,30,0,,,,,
12119258076,Tombol Saklar Set Sen Hazard Beat Pop Esp/Scoopy Esp/Vario 125 Led/Revo110 F1/Supra X 125 F1 New,120870469311,,,,40000,,39,0,,,,,
12119190587,Tombol Saklar Set Beat F1(2013)/Scoopy F1(2013)/Spacy F1/Vario 125 F1 Bohlam,130867427380,,,,36200,,42,0,,,,,
12036332431,Selang Rem Disk Belakang Panjang +/- 60cm Supra X 125,131635619250,,,,40000,,37,0,,,,,
11986174728,Handle Kopling Supra XX,124085195496,,,,21100,,40,0,,,,,
11938964544,Handle Kopling MX KING,84532694974,,,,21100,,48,0,,,,,
11865275569,Kampas Ganda Assy set Lonceng Jupiter Z1 20T,27892751784,,,,267800,,30,0,,,,,
11838550070,Handle Rem MX KING,57107191325,,,,21100,,50,0,,,,,
11750535794,Piring Cakram Disk Belakang Satria Fu 150,130579459637,,,,80500,,30,0,,,,,
11700232367,DUDUKAN SPION KIRI LH SCOOPY,55167466993,,,,40500,,34,0,,,,,
11686272051,Saklar Kiri Satria Fu 150 New Aho ( motor hidup lampu otomatis nyala),115335256038,,,,67000,,40,0,,,,,
11541587921,Standar Samping Jupiter MX,112057720974,,,,39400,,30,0,,,,,
11444237272,Tromol Belakang/Hub Rear Set Lahar/Bearings Jupiter Z New_Jupiter Z1_Jupiter MX_Vega ZR_R New,112146468797,,,,207400,,40,0,,,,,
11437146015,Handle Kopling Set Dudukan Spion Tiger/Tiger New/Tiger Revo/Mega pro New,57088161885,,,,62100,,9,0,,,,,
11400342542,Piring Cakram Front + Rear Megapro New,81660796065,,,,178700,,24,0,,,,,
11345460137,Mangkok Ganda  Supra_Supra X_Grand_Supra Fit Old,47214462274,,,,48100,,30,0,,,,,
11339823788,Handle Rem Set Kiri & Kanan Nmax,77125922568,,,,41000,,50,0,,,,,
11287174356,Tutup Tangki Bensin Megapro/Megapro New/Tiger/Verza,134231976363,,,,58300,,29,1,,,,,
11149497432,Pulser Supra X 125/Karisma,37311166157,,,,34600,,50,0,,,,,
11142404299,Foot Step Belakang Jupiter MX/Jupiter Z/Vega R New,102092291064,,,,31900,,35,0,,,,,
11138552849,Handle Rem Kanan Nmax,101932610683,,,,21100,,49,0,,,,,
11047998578,Saklar Kanan RH Megapro New,94836208105,,,,52900,,30,0,,,,,
10941394281,Master Rem Depan Full Set Supra X 125_Karisma_Supra Fit_Supra X,94600655506,,,,283500,,34,0,,,,,
10854908715,Saklar kiri LH Thunder 125,95131271369,,,,67000,,38,0,,,,,
10828934798,TOMBOL SAKLAR SET SCOOPY,76967208941,,,,41600,,36,0,,,,,
10728547830,Master Rem Atas Kanan Set Kompit Beat/Beat F1 Non Cbs,111526131035,,,,283500,,24,0,,,,,
10628943304,TOMBOL SAKLAR SET HAZARD SCOOPY,101540825273,,,,47000,,36,0,,,,,
10541328751,Baut Gear Tromol Belakang Set Suzuki,67147948803,,,,18400,,46,0,,,,,
10439836920,Handle Rem Kiri N Max,94557142876,,,,21100,,50,0,,,,,
10250544981,Pelampung Bensin Jupiter Z,120580250075,,,,41600,,40,0,,,,,
10179305613,Standar Samping Ninja R/Ninja RR,133194143367,,,,50800,,24,0,,,,,
10176276525,Tutup Oli Bawah Komplit Oring Karet Mio j/MioGT/SoulGT/Fino F1/X-Ride/Mio M3/Xeon/Xeon RC,96136458487,,,,13000,,28,0,,,,,
10146412562,Handle Rem Kiri LH Vario 150 New 2018 CBS,47238497135,,,,21100,,30,0,,,,,
10134805243,Kunci Kontak Blade F1,101780568938,,,,88600,,35,0,,,,,
10088913453,Carburator Set Komplit Jupiter Z/Vega R New,134509993926,,,,169600,,30,0,,,,,
10088279439,Seal Set Vario/Beat/Scoopy/Spacy,142699850235,,,,40500,,30,0,,,,,
10035441349,Handle Kopling Satria Fu 150,27344675429,,,,21100,,70,0,,,,,
9910286432,Mangkok Ganda Mio J/Soul GT/Xride,43406889578,,,,103100,,24,0,,,,,
9808420547,Filter Udara Vario,80611903528,,,,30800,,12,0,,,,,
9802381413,Karet Tromol Thunder 125./250,80160406334,,,,22700,,49,0,,,,,
9708628170,Kunci Kontak Scoopy,63204277726,,,,81500,,25,0,,,,,
9591564651,Kunci Kontak Assy Supra X 125 Helm In (Logo Honda),84575526259,,,,180400,,30,0,,,,,
9505818143,Piring Cakram Depan Vario/Beat,72889912421,,,,78300,,34,0,,,,,
9504057877,Stang Seher Smash 110,42508563498,,,,104800,,24,0,,,,,
9504057865,Stang Seher Beat,90264471577,,,,97700,,24,0,,,,,
9302276493,Piring Cakram Disk Depan Supra X 125/Karisma,52295466848,,,,80500,,60,0,,,,,
9100385128,One Way Rumah Pelor Jupiter MX,22839375879,,,,84200,,12,0,,,,,
8857933019,Penutup Aki Set Thunder 125,75548742765,,,,129600,,23,0,,,,,
8791218057,Saklar Kanan Thunder 125,84506934999,,,,64800,,50,0,,,,,
8601082236,Kabel Kopling Tiger,22940726651,,,,29700,,44,0,,,,,
8593653644,Master Rem Belakang Full Set Satria Fu 150,120368410052,,,,283500,,30,0,,,,,
8508639182,Kunci Kontak Beat All New ESP/Beat Streat,23884975125,,,,169600,,24,0,,,,,
8506363046,Master Rem Atas Kanan Set Vega ZR/Vega r new/Jupiter MX/Jupiter Z New,72971359245,,,,88600,,24,0,,,,,
8503837224,CDI Scorpio Z,42459136244,,,,134500,,12,1,,,,,
8315827652,Lampu Depan Halogen 12Volt 36Watt Vixion H4,53713243135,,,,16700,,50,0,,,,,
8291470679,Handle Rem Kanan Satria Fu 150,77125484959,,,,21100,,60,0,,,,,
8200476398,Hidrolik Jok Motor 27 CM,72056171873,,,,27500,,12,0,,,,,
8009287538,Karet Handle,43280898765,,,,13500,,22,0,,,,,
7939732196,Kampas Ganda Set Mangkok Lonceng Supra Fit New/Legenda/Revo,40103948852,,,,285100,,30,0,,,,,
7933108573,Shockbreker N Max,62654924084,,,,232700,,24,0,,,,,
7932335536,Kabel Gas Spin 125,62654897540,,,,30200,,24,0,,,,,
7931902877,Spool Vario Lama + Fuser,23390366871,,,,105300,,12,0,,,,,
7864696982,Per Shock Depan Revo Abs/Blade,41945468616,,,,40500,,35,0,,,,,
7864695165,Rumah Roller Set N Max,51945187212,,,,154400,,24,0,,,,,
7852408079,Dudukan Plat Foot Step  Belakang RX King New,61004700664,,,,199300,,35,0,,,,,
7845524572,Tuas Rem Belakang Jupiter MX /Jupiter Z,40536968532,,,,62100,,11,0,,,,,
7842473682,Caliper Depan Mio,50310795786,,,,125300,,36,0,,,,,
7839822359,Tromol Belakang Set Lahar RX King/RXS/RX King New,50110017550,,,,207400,,30,0,,,,,
7839078526,Mangkok Lonceng Revo Abs/Blade,72654920700,,,,175500,,24,0,,,,,
7838836699,Kiprok Thunder Old Non Engkol,42654895424,,,,124200,,70,0,,,,,
7836550753,Mangkok Ganda Revo Absolute/Blade,32654918860,,,,45400,,35,0,,,,,
7820641012,Saklar Kanan Vega ZR New,62654873832,,,,46400,,72,0,,,,,
7754190424,Shockbreker Mio J/Mio 125/M3/Soul GT/Sporty/Xeon,41142942792,,,,140900,,36,0,,,,,
7735926219,Bendit Stater Satria Fu 150,32654916753,,,,76100,,24,0,,,,,
7731517337,Master Cylinder Depan + Handle Supra X125/Supra Fit New /Karisma/Revo abs,90340090564,,,,88600,,65,0,,,,,
7731058978,Kunci Kontak Set Mio J,52654893253,,,,156100,,32,0,,,,,
7729021675,Roll Keteng Assy Supra X 125,72654891946,,,,29700,,12,0,,,,,
7719668990,Saklar Kiri Mio J/Soul Gt/ M3/Xeon,32654869044,,,,56200,,71,0,,,,,
7643787953,"Pulser Revo Absolute/ Blade,",60413818986,,,,34600,,44,0,,,,,
7638856723,Kunci Kontak Assy Vixion old,72654868151,,,,185800,,36,0,,,,,
7633632435,Master Cylinder Depan & Handle Satria Fu 150,72654888512,,,,88600,,24,0,,,,,
7630159356,Dudukan Spion LH Hitam Mio/Mio J/ Mio M3/Mio 125/Fino 125/Soul GT/Xeon/Xeon RC LH,52654887673,,,,34600,,34,0,,,,,
7630157332,Dudukan Spion Kiri LH Mio J/Mio M3/Mio 125/Soul GT/Fino 125/Xeon/Xeon RC,32654886562,,,,34600,,43,0,,,,,
7619818798,Piring Cakram Belakang N-Max,32654885372,,,,94000,,35,0,,,,,
7567962715,Piring Cakram Belakang Racing Mio J,62307472458,,,,92300,,24,0,,,,,
7561950555,Per As Shock Supra X 125/Supra Fit New/ Karisma,31750590444,,,,39400,,24,0,,,,,
7545538195,Oil Seal Set RX king / RX King New,40537581590,,,,21100,,24,0,,,,,
7545535525,Lampu Sen Vixion New 12 V,60537864946,,,,38300,,24,0,,,,,
7543598733,Mastercylinder  & Handle Mio/Mio Soul/Sporty/Xeon/Jupiter MX,50397714490,,,,84800,,36,0,,,,,
7539807954,Kampas Ganda Assy full Set Mangkok Lonceng Force 1,21097791157,,,,285700,,24,0,,,,,
7539570794,Kampas Ganda  Set Mangkok Lonceng Revo Abs/Blade,70091682108,,,,279700,,35,0,,,,,
7528239554,Hendle Rem Set Vario 150esp/ Vario 125esp,42654864568,,,,42700,,48,0,,,,,
7462096198,Per As Shock Mio/Soul/GT/Mio J /Xride,71762890496,,,,39400,,24,0,,,,,
7446308316,Carburator Satria Fu 150,50589788278,,,,332100,,24,0,,,,,
7444808642,Kabel RPM Thunder 125,70487520688,,,,30800,,50,0,,,,,
7444803634,Tromol Belakang Jupiter MX New Cakram Disk,60487459919,,,,192200,,36,0,,,,,
7436551079,Mangkok Ganda Assy Supra X 125/ Karisma,23390329833,,,,48100,,36,0,,,,,
7436541795,Kampas Ganda Assy Set Mangkok Supra X125/Karisma,72654881732,,,,163100,,50,0,,,,,
7420055655,Saklar Kanan Jupiter Z,32654861167,,,,52900,,72,0,,,,,
7376613246,Kampas Ganda Set Mangkok Mio J,90728852809,,,,251100,,24,0,,,,,
7360881409,Pressure Plat Kopling Jupiter MX New 2011,51661968596,,,,97700,,12,0,,,,,
7339733733,Kampas Ganda Set Mangkok Lonceng Supra/ Grand/Supra X/Supra Fit  Lama,40104145291,,,,285700,,24,0,,,,,
7338460046,Master Cylinder Depan & Handle Vixion/Vixion New,52654878107,,,,88600,,36,0,,,,,
7336973770,Handle Kanan Supra/ Grand,32654859549,,,,20500,,12,0,,,,,
7336542202,Kampas Ganda Assy Supra Fit New/Legenda/Revo 100cc,23390294391,,,,113400,,36,0,,,,,
7336268698,Kaca Spion Bulat  Drat Honda,62654874511,,,,44800,,34,0,,,,,
7335929911,Shockbreker CBR 150,90340072592,,,,212800,,35,0,,,,,
7335928968,Bendit Stater Supra X 125/Karisma,90340071486,,,,39400,,30,0,,,,,
7332255375,Flaser Sen LED Non LED,90340070354,,,,20500,,30,1,,,,,
7330616339,Master Cylinder Depan Set Jupiter Z/Force 1,62654849903,,,,286700,,24,0,,,,,
7238859574,Pelampung  Minyak  Supra/Supra X/ Grand,52654848752,,,,42700,,35,0,,,,,
7232672073,Foot Step Revo Abs/Blade/Supra X125/Karisma,80340067322,,,,37300,,31,0,,,,,
7232659969,Fuel Pump Bensin Beat F1,42654846135,,,,224600,,12,0,,,,,
7231651173,Kunci Kontak Set komplit Vixion New,72654810076,,,,245700,,35,0,,,,,
7228287393,Master Cylinder Depan Full Set RX King New,90340062585,,,,283500,,36,0,,,,,
7158912158,Piring Cakram Belakang Satria Fu 150 New,41510198111,,,,83700,,45,0,,,,,
7138452442,As Shock Depan  RX King,23390309782,,,,183600,,24,1,,,,,
7134479527,Bosh  Arm Thunder 125,23390308570,,,,35100,,44,1,,,,,
7132412889,Handle  Set Thunder 125,62654838237,,,,41000,,58,0,,,,,
7131781868,Kunci Kontak Assy Revo Absolute,62654836940,,,,85900,,34,0,,,,,
7128988988,"Dudukan Spion Satria Fu 150 LH, Drat 12",72654835439,,,,37300,,48,0,,,,,
7123760137,Handle Kopling Set Dudukan Rumah Handle Kopling Thunder 125,52654803756,,,,61000,,140,1,,,,,
7067961084,Kampas Kopling Kaze,62307271125,,,,49100,,24,0,,,,,
7036267146,Handle Kiri & Dudukan Spion Mio,72654802810,,,,56700,,24,0,,,,,
7020635627,Saklar Kanan RX King,72654830028,,,,48600,,72,0,,,,,
7019921440,Saklar Kiri Scoopy,32654799610,,,,72900,,72,0,,,,,
6962904996,Roller Set Spin 125/Sky Drive/Skywave 12 Gr,51823468726,,,,39400,,44,0,,,,,
6962809360,Selang Minyak Rem Universal 60 Cm dan 130 Cm,51815720683,,,,55600,,12,0,,,,,
6956035553,Handle Set Kopling+ Rem MX King,22159404716,,,,41000,,70,0,,,,,
6942040425,Kaliper  Vega R New/ ZR/Jupiter MX/Jupiter Z New/Mio Soul/Sporty/Xeon,70273378379,,,,119900,,36,1,,,,,
6935168490,Kampas Ganda Only Mio M3/Soul GT 125/ Mio Z,72654826837,,,,127400,,24,0,,,,,
6933864856,Kampas Ganda Shogun 110,42654825636,,,,95600,,24,0,,,,,
6932547185,Shockbreker Vario 150/Vario 125 F1/Beat F1,80340046919,,,,148500,,35,0,,,,,
6931894389,Spool Shogun 125+Fuser,32654795662,,,,99900,,12,0,,,,,
6839737843,Mangkok Lonceng Grand /Supra,40104013611,,,,175500,,24,0,,,,,
6836956057,Kampas Ganda Only Spin 125,72654821195,,,,123900,,49,1,,,,,
6836890929,Kampas Ganda Assy Set Mangkok Mio/Sporty/Mio Soul,62654820052,,,,236500,,36,0,,,,,
6831641857,Kunci Kontak Set Komplit Vega R New,23390251258,,,,69700,,30,0,,,,,
6769553766,Tutup As Roda,32458721881,,,,34000,,24,0,,,,,
6744286740,Kiprok Byson,30449048620,,,,107500,,36,0,,,,,
6743789489,Pulley Sleading Sheave Spin 125/SkyDrive/Sky Wave,50414097273,,,,182500,,45,0,,,,,
6743418719,Dudukan Spion Kanan Smash/Shogun,21346188618,,,,31900,,24,0,,,,,
6739563846,Mangkok Lonceng Ganda Supra X 125/Karisma,50091414595,,,,180400,,30,0,,,,,
6719701692,Handle Kopling Set Dudukan Spion Supra XX/Supra X 125,23390268607,,,,59900,,75,1,,,,,
6665879894,kabel Kopling Byson,42056567951,,,,29700,,45,0,,,,,
6643420494,Spion Cembung Mio/Sporty /Mio soul/Smile,70384469457,,,,45900,,36,0,,,,,
6631648388,Selang Rem Disk Depan atau Selang Minyak Rem Depan  All Motor 95cm,42654771036,,,,61600,,56,0,,,,,
6619655530,Saklar Kiri Grand,72654814303,,,,67500,,72,0,,,,,
6565890248,Kabel Kopling Mega Pro /GLPro /Tiger,80031950364,,,,29700,,24,0,,,,,
6559618047,"Kabel Kopling RX King,RX king New",41563930435,,,,29700,,50,0,,,,,
6550859536,Dudukan Spion Kanan Mio 125/ Mio J/Soul GT/M3/ Fino 125/Xeon/Xeon RC,50888929891,,,,18900,,37,0,,,,,
6543411684,Handle Rem RH & Dudukan Spion Smash,40383919060,,,,53500,,24,0,,,,,
6539815134,Amper Minyak Analog,30109641304,,,,76100,,18,0,,,,,
6536543969,Kampas Ganda Assy Revo Absolute/Blade,42654793033,,,,104800,,36,0,,,,,
6536541101,Mangkok Ganda Supra Fit New_Legenda_Revo Old,32654791476,,,,48100,,36,0,,,,,
6535929774,Kran Bensin  Universal,62654789892,,,,18900,,45,0,,,,,
6535160774,Kabel Kilometer Supra X,52654765700,,,,29700,,45,0,,,,,
6532128536,Dinamo Stater Supra X125/karisma,52654764618,,,,178200,,24,0,,,,,
6459607360,Minyak Rem 300 ml,41563553213,,,,32900,,50,0,,,,,
6443790138,Kipas Roller Vario 125/Vario 150,40414212915,,,,45900,,24,0,,,,,
6443547082,Dinamo Stater Mega Pro New,50394519017,,,,185800,,36,0,,,,,
6438458832,Foot Step Supra/Grand,23390241984,,,,28600,,36,0,,,,,
6429019513,Rumah Handle Kopling/Dudukan Spion Kiri Satria Fu 150 New Drat Mur 14mm,72654761353,,,,37300,,44,0,,,,,
6423891973,Handle Rem Racing Supra X/ X125/Karisma/Revo/Blade,32654760433,,,,34600,,48,0,,,,,
6377642753,Komstir Satria Fu 150,24161960079,,,,34600,,24,0,,,,,
6369797233,Stang Seher/Connecting Rod Spin 125,90264471753,,,,104200,,25,0,,,,,
6369797228,Stang Seher Supra X 125/Karisma,62508563490,,,,91300,,24,0,,,,,
6341784060,Caliper Depan Jupiter MX/Jupiter Z New/Vega R New/Mio Soul,40253692710,,,,119900,,36,1,,,,,
6339802579,Kampas Ganda Assy Force 1,40108467574,,,,94500,,24,0,,,,,
6269797289,Piring Cakram Belakang Variasi Mio,52508563382,,,,97700,,24,0,,,,,
6269797271,Piring Cakram Depan Byson,72508563201,,,,104800,,23,0,,,,,
6269797261,Gas Spontan Matic,52508563255,,,,62100,,24,0,,,,,
6243426216,Dinamo Stater Revo Absolute.Blade,40385247816,,,,167400,,36,0,,,,,
6239820791,Dudukan Plat Foot Step Belakang Jupiter Z,70109748338,,,,129600,,24,0,,,,,
6231377810,Kunci Kontak Set Shogun 125,62654778827,,,,90200,,24,0,,,,,
6220644668,Saklar Kanan Satria Fu 150,72654757766,,,,48600,,71,0,,,,,
6169797206,Pressure Plat Kopling Grand/Supra/Supra Fit/Legenda,42508562706,,,,95600,,24,1,,,,,
6159660895,Handle Kopling + Dudukan Spion F1 ZR/Vega R/Vega ZR/Jupiter Z,51567169757,,,,56700,,23,0,,,,,
6145512266,Kiprok Vixion New,30535880834,,,,107500,,24,0,,,,,
6137271822,Handle Kanan Vixion /Byson,52654775504,,,,21600,,36,0,,,,,
6132264997,Pelampung Tangki RX King,32654753815,,,,59400,,36,0,,,,,
6130212101,Kipas Roller /Xeon/Xeon 125/Xeon RC,72654754233,,,,45400,,24,0,,,,,
6130154206,Dudukan Spion Mio/Mio soul/Mio Sporty /Smile LH,80340017593,,,,35100,,24,0,,,,,
6128966524,Dudukan Spion Vixion/RX King New LH,52654732115,,,,38300,,48,0,,,,,
6128257001,Rumah Kampas Kopling Jupiter Z/Force1/Vega R Old/Vega R New,42654731025,,,,56700,,29,0,,,,,
6045532768,Kabel Gas RX King/RX King New,50537505707,,,,31900,,24,0,,,,,
6039917970,Tromol Depan Disk Cakram Force1 /Jupiter Z /Vega R New/ F1 ZR,60116855575,,,,160900,,24,0,,,,,
6036977580,Handle Kanan Crom KLX 150,32654729831,,,,24800,,24,0,,,,,
6033215259,Kampas Ganda Supra X 125/Karisma,32654744146,,,,117700,,70,0,,,,,
6032406845,Shockbreker/Monoshock MX King,90340010300,,,,213300,,24,0,,,,,
6031638987,Kunci Kontak Set Kunci Jok Thunder 125,72654740212,,,,113400,,43,1,,,,,
6031188710,Tombol Saklar Set Revo Abs,90340006973,,,,41600,,50,0,,,,,
5989610461,Tombol  Saklar Set Hazard Beat F1/Vario 125/Scoopy F1/Spacy F1,75547868002,,,,35100,,74,0,,,,,
5959602466,*** Filter Udara Carbulator ***,31562971407,,,,31900,,12,0,,,,,
5947528724,Spool Mio J/Mio GT/Soul GT115/Fino F1/Xride +Pulser,30667657506,,,,119300,,23,0,,,,,
5931783040,Kunci Kontak Set Vario 110 F1,62654736507,,,,205200,,22,0,,,,,
5928561202,Gear Kick Stater Vario/Beat,52654734468,,,,53500,,12,0,,,,,
5920653315,Pulley Sleading Sheave Vario,32654712194,,,,169600,,24,0,,,,,
5920646651,Stelan/Tonjokan Tensioner Smash New,23390205916,,,,37800,,35,0,,,,,
5920638784,Saklar Kanan MX King,32654707919,,,,46400,,72,0,,,,,
5919702317,Mastercylinder + Handle Megapro New/Tiger New/Tiger Revo,42654705791,,,,84800,,42,0,,,,,
5862261613,Master Rem Kit Mio /Sporty/Mio Soul/Soul GT/Mio J/Mio M3/Mio Z/Xeon/Xeon RC,71775474910,,,,16700,,36,0,,,,,
5843788581,Pulser Jupiter Mx_Vega ZR_Jupiter Z_Vega R_Vega R New,30413910497,,,,34600,,37,0,,,,,
5843255021,Master Rem Atas Kanan Set Kompit Revo Absolute/Blade,50371387144,,,,283500,,36,0,,,,,
5843237423,Tombol Saklar Set Hazard Supra X 125 Helm In/Blade,50370303718,,,,40000,,34,0,,,,,
5839738398,Mangkok Lonceng Force 1,21093789055,,,,175500,,24,0,,,,,
5839060891,Pelampung Bensin Supra X125/ Karisma,42654703846,,,,41600,,50,0,,,,,
5832558648,Coil Stater Jupiter Z/Jupiter MX/Satria Fu 150/ RX king /Supra X 125/Vega R,52654673072,,,,38900,,24,0,,,,,
5831516002,Kunci Kontak Set Force 1,62654699197,,,,94000,,70,0,,,,,
5828584020,Saklar Tombol Set Sen Hazard Supra X 125/Supra Fit New/Vario/Beat Lama,32654670059,,,,42700,,150,1,,,,,
5787462352,Dudukan Spion Kiri MX King,100018327895,,,,35100,,42,1,,,,,
5754198306,Handle Rem Set Beat F1 Cbs/Vario 125 Esp/Vario 150 Esp,31143389240,,,,41000,,36,0,,,,,
5752409996,Dudukan Foot Step Belakang Supra X125,61004947122,,,,180400,,12,0,,,,,
5738899313,Handle Rem Thunder 125,62654668763,,,,21100,,70,0,,,,,
5733855148,Carburator RX King New,80339985440,,,,187400,,12,0,,,,,
5730566717,Kunci Kontak Set Jupiter Z,42654692214,,,,72400,,35,0,,,,,
5674579342,Filter Udara Megapro New,43181397993,,,,29700,,24,0,,,,,
5665158205,Blok Seher Komplit  Vixion 3C1,71979746967,,,,319100,,12,0,,,,,
5662358997,Bendit Stater Supra/Supra Fit/Grand/Legenda/Revo Lama/Tiger/GL Pro,41782541638,,,,39400,,25,0,,,,,
5656206398,Handle Rem +Dudukan+Stopper Kiri Mio M3/Fino 125/Soul GT125/Xeon/Xeon RC/X-Ride/Mio J,61299581545,,,,67500,,92,1,,,,,
5656184935,Kran Bensin Smash/Satria Fu 150,22169297056,,,,37300,,12,0,,,,,
5639571813,Saklar Tombol Set Karisma,40091843709,,,,37300,,36,1,,,,,
5637438493,Handle Kiri Byson,23390168394,,,,22100,,36,0,,,,,
5636957633,Kampas Ganda N Max,32654664006,,,,175500,,70,1,,,,,
5631890436,Spool Vega R New/Jupiter MX+Fuser,32654687212,,,,105300,,12,0,,,,,
5619667865,Saklar Kiri Supra Fit,80339978052,,,,56200,,72,0,,,,,
5543281899,Mastercylinder Set Depan Vega ZR/ Vega R New/ Jupiter Z New,60373209360,,,,283500,,36,0,,,,,
5531526302,Kunci Kontak Set RX King New,80339975200,,,,66400,,35,0,,,,,
5524164234,Pelampung Bensin Jupiter MX Old,32654680764,,,,41600,,72,0,,,,,
5519722143,Saklar Kiri Vixion New,80339972346,,,,59400,,72,0,,,,,
5479497412,Lampu LED STOP  Sinar Putih,73713128659,,,,18900,,35,1,,,,,
5445529204,Lampu Stop Led RX king New,50537425520,,,,60500,,10,0,,,,,
5437431610,Handle Kiri Vario 125 F1 Cbs,42654677554,,,,22100,,35,0,,,,,
5436980494,Handle Kanan Vario 125 F1 Cbs/ Vario 150 Cbs/Beat F1 Cbs,72654675875,,,,20500,,32,0,,,,,
5436888771,Kampas Ganda Mio/ Mio Soul/Sporty,23390134152,,,,149000,,36,1,,,,,
5436537339,Kampas Ganda Assy Set Mangkok Supra/Grand/Supra x/Supra Fit Lama,80339967203,,,,143600,,36,0,,,,,
5432562567,Foot Step Belakang GL Pro/Mega Pro,90339965908,,,,30800,,30,0,,,,,
5432433021,Handle Rem Set Byson,62654630885,,,,42700,,24,0,,,,,
5419709678,Saklar Kiri LH Jupiter Z old/Crypton/Vega R old,90339963226,,,,64300,,71,0,,,,,
5339818572,Tromol Belakang Disk Satria Fu 150,30109946450,,,,192200,,36,0,,,,,
5336981568,Handle Kanan Beat F1 Cbs/Vario 125 Esp/Vario 150 Esp,32654647183,,,,20500,,24,0,,,,,
5336976762,Handle set Vixion,32654645591,,,,42700,,36,0,,,,,
5332135638,Saklar Tombol  Set Smash/Shogun 125,23390091940,,,,37300,,39,1,,,,,
5331237624,Master Cylinder Depan & Handle RX King New,52654641065,,,,88600,,36,0,,,,,
5322429772,Saklar Kanan Mio Fino,42654638361,,,,72400,,72,0,,,,,
5260878309,Panel Tromol Belakang Supra X 125/Supra Fit New/Revo Absolute/Blade,71661737267,,,,94000,,12,0,,,,,
5250921794,Tromol Depan Set Lahar  RX King/RXS/RX King New,60893275810,,,,158800,,36,0,,,,,
5245658928,Pulser Satria Fu 150,40547184511,,,,40000,,50,0,,,,,
5237787799,Tromol Belakang Set Bearing Supra Fit New/ Karisma/ Supra X 125,32654621850,,,,168500,,35,0,,,,,
5236534403,Kampas Ganda Supra/Grand,52654635751,,,,94500,,36,0,,,,,
5231911713,Spool Revo Abs/Blade + Fuser,80339950812,,,,99900,,12,0,,,,,
5230143836,Handle Rem Supra X125/Karisma/Supra Fit/Supra/Blade/RevoAbs RH,90339949621,,,,21100,,68,0,,,,,
5220049762,Saklar Kiri Jupiter Z1,72654611609,,,,59400,,72,0,,,,,
5143425002,Pelampung Bensin Thunder 125,60384861879,,,,47000,,35,0,,,,,
5142226343,Caliper Depan Vario CBS /Vario 125/Beat/Beat F1,40290630629,,,,119900,,36,0,,,,,
5141511851,Kaliper Depan Mega ProNew/Tiger Revo/CB150R,50235337031,,,,141500,,25,1,,,,,
5134324184,Stang Seher RX King,42654617193,,,,104800,,24,0,,,,,
5131160340,Kunci Kontak Set Satria Fu 150,62654615510,,,,85900,,35,0,,,,,
5077682529,Amper RPM,43516145858,,,,76100,,12,0,,,,,
5031086683,Kunci Kontak Set Mio Soul,62654604497,,,,105300,,32,0,,,,,
5023927332,Dudukan Footstep Belakang Set Vega R New,32654603544,,,,126400,,40,0,,,,,
5023889175,Kabel KM Vario /Baet/Scoopy/Spacy/Supra FitNew/RevoAbs/Blade,42654571573,,,,29700,,41,0,,,,,
5019657773,Saklar Kiri LH Mio/Sporty/Mio Soul,80339939468,,,,51300,,72,0,,,,,
5019474962,Saklar Kiri Rx King New,23390103177,,,,59400,,72,0,,,,,
4974889414,Kaca Spion Set Karbon All motor Yamaha,43214991499,,,,44800,,32,0,,,,,
4965877464,Roller Set Xeon/Xeon RC/Soul GT New @ 9 GR,32055900563,,,,39400,,45,0,,,,,
4938025974,Spion Cembung Beat /Vario,72654569220,,,,45900,,35,0,,,,,
4936972592,Kampas Ganda Smash,52654598085,,,,96100,,24,0,,,,,
4935927827,Bendit Stater Mega Pro,90339935357,,,,56700,,38,1,,,,,
4934322268,Master Rem Atas Kanan Thunder 125,90339934327,,,,94000,,36,0,,,,,
4919717612,Saklar Kiri Thunder Lama,32654565940,,,,59400,,71,0,,,,,
4919712372,Saklar Kiri Vega ZR New,62654593530,,,,50800,,72,0,,,,,
4844636423,Shockbreker Vega ZR/Vega R New/ Jupiter Z,70475520782,,,,200300,,36,0,,,,,
4839733466,Kampas Ganda Set Mangkok Lonceng Supra X 125/Karisma,21093648096,,,,295900,,45,0,,,,,
4838905870,Handle Kopling Thunder 125,52654592393,,,,23200,,85,1,,,,,
4838457546,Dudukan Spion Kanan Supra /Grand,42654591268,,,,35100,,70,0,,,,,
4838024563,Kaca Spion Cembung Set Jupiter Z/Jupiter MX/Vega ZVega R/ R /Vega R new,32654562857,,,,45900,,47,0,,,,,
4834482886,Klakson 12 Volt Universal,90339928543,,,,26500,,70,0,,,,,
4831746627,Dinamo Stater Mio/ M3/Soul/Xeon/Sporty,52654588114,,,,180400,,24,0,,,,,
4828700367,Gear Kick Stater Vario F1,72654586980,,,,56700,,12,0,,,,,
4822425768,Saklar Kanan Vixion,32654586167,,,,50800,,72,0,,,,,
4752774202,Kaca Spion Cembung Set N Max,31031488580,,,,45900,,29,0,,,,,
4745514067,Kiprok Mega Pro New,40535924523,,,,103100,,24,0,,,,,
4745133626,Gearbox Kilometer Thunder 125,21458163249,,,,37300,,35,0,,,,,
4743274557,Mastercylinder Depan Set Vario 125 Non Cbs/Beat F1 Non Cbs/Beat,70372624715,,,,287300,,36,0,,,,,
4737269127,Rumah Kampas Kopling Supra X 125/Karisma,90339925162,,,,61600,,26,0,,,,,
4734467739,Kaca Spion Cembung Satria Fu 150 Drat 12,62654558694,,,,45900,,40,0,,,,,
4732624913,Kran Bensin Mega Pro/ Tiger,62654583026,,,,40000,,35,0,,,,,
4730595054,Kunci Kontak Set Blade,62654557307,,,,85300,,25,0,,,,,
4720051606,Saklar Kanan Scoopy,90339921535,,,,70200,,72,0,,,,,
4719821327,Kabel Gas Jupiter Z1,23390064915,,,,37800,,36,0,,,,,
4697893316,Master Rem Belakang Full Set Supra X 125,102026963660,,,,297000,,35,0,,,,,
4656193113,Standar Samping Revo Absolute/Blade/Supra X 125,61298177677,,,,39400,,11,0,,,,,
4656185797,Kran Bensin Jupiter Z /Vega ZR,41297571326,,,,37300,,24,0,,,,,
4656171704,Tromol Belakang Disk Cakram Supra X 125,31296384856,,,,192200,,36,0,,,,,
4642477082,Caliper Depan Revo Absolute/Blade,60311007246,,,,119900,,35,0,,,,,
4630164894,Kampas Ganda Assy Xeon -Xeon RC,80339919583,,,,158200,,45,0,,,,,
4619918655,Saklar Kiri Mx King,52654554190,,,,56200,,72,0,,,,,
4567709671,Komstir Thunder 125,23055433226,,,,42700,,29,0,,,,,
4536490268,Kampas Ganda Assy Mio J,90339917623,,,,157100,,36,0,,,,,
4533109807,Cakram Disk Belakang Supra X125,52654575735,,,,86900,,40,0,,,,,
4531109376,Kunci Kontak Set Beat F1,23390041119,,,,90200,,35,0,,,,,
4476628894,Footstep Belakang Variasi Spring Universal,53407841529,,,,37300,,24,0,,,,,
4476628885,Kampas Kopling Revo Absolute/Blade 3pc,43407856507,,,,48100,,24,0,,,,,
4441516359,Dudukan Gear Belakang Jupiter Z/Force 1/F1 ZR/Vega R,30235802898,,,,70700,,23,0,,,,,
4433109055,Kabel KM Jupiter Z/ Vega R New,42654553967,,,,27500,,12,0,,,,,
4431642080,Kunci Kontak Set Supra Fit New,42654530869,,,,95600,,25,1,,,,,
4431206657,Master Cylinder Depan Full Set Vixion-New /Byson,90339913620,,,,283500,,36,0,,,,,
4419450945,Saklar Kiri Satria Fu 150 Non Aho (On/off Lampu Utama&Senja),62654529620,,,,67000,,71,0,,,,,
4374807410,Kiprok/Regulator Beat F1,90624361302,,,,119300,,24,0,,,,,
4371724812,Piring Cakram Depan Racing Vario/Vario F1/Beat/Beat F1/Scoopy/Scoopy F1/Spacy/Spacy F1,23603583311,,,,92300,,23,0,,,,,
4345531442,Lampu RXKing New,30537017871,,,,89600,,12,0,,,,,
4342024968,Kaliper Depan Set Dispad Rem Vixion/Vixion New/Byson,21245270462,,,,130700,,36,1,,,,,
4331388122,Kunci Kontak Set Mio. Sporty.Smile,72654550554,,,,70700,,25,0,,,,,
4331238590,Handle Kopling +Dudukan RX King New /Vixon/ Byson,52654528628,,,,59900,,36,0,,,,,
4329031666,Rumah Handle Kopling/Dudukan Spion Kiri Jupiter MX New,23390035156,,,,35100,,48,0,,,,,
4320633718,Saklar Kanan Tiger,42654527616,,,,56700,,72,0,,,,,
4276624346,Mangkok Ganda Xeon/Xeon RC,73407055874,,,,119300,,24,0,,,,,
4276553966,Standar Miring Shogun 125/Smash/Satria Fu,80725658326,,,,39400,,22,0,,,,,
4260803725,Stang Seher Mio/Mio Soul/Fino Karbu/Sporty,41656166646,,,,96700,,35,0,,,,,
4236544528,Kampas Ganda Assy Set Mangkok Supra Fit New/Legenda/Revo 100cc,32654547831,,,,159300,,36,0,,,,,
4231644153,Kunci Kontak Set Kharisma,23390033224,,,,61600,,33,0,,,,,
4231643170,Kunci Kontak Set Smash,80339908502,,,,69700,,24,0,,,,,
4229035893,Rumah Handle Kopling/Dudukan Spion Kiri Supra XX,72654525512,,,,40500,,34,0,,,,,
4222422239,Saklar Kanan Grand,62654545122,,,,48600,,72,0,,,,,
4197857825,Handle Set Kopling & Rem Satria Fu 150,94556094043,,,,41000,,60,0,,,,,
4197705474,Handle Rem Silver Crom MX KING,94437908998,,,,21100,,69,0,,,,,
4166199386,Kabel Kopling Megapro New/Megapro Mono 2011,62095066401,,,,32900,,45,0,,,,,
4133879264,Roller Beat/Scoopy/Spacy 6pc,90339906654,,,,40500,,24,0,,,,,
4076616850,Coil Assy Universal All Motor,63407856551,,,,53500,,24,0,,,,,
4076616821,Filter Racing All Motor,53407841547,,,,31900,,24,0,,,,,
4067718945,Piring Cakram Belakang Racing  Vixion/Vixion New,42282825822,,,,92300,,32,0,,,,,
4062909986,Roller Vario 125/150 F1 CBS 12 Gr,51823405570,,,,40500,,24,0,,,,,
4062103878,CDI Thunder 125 New,71763309891,,,,142600,,36,0,,,,,
4045153690,Kiprok Mio,50509831153,,,,40500,,36,0,,,,,
4042032239,Kaliper RX King New/ F1 ZR/Jupiter Z/Vega R Old,21245628203,,,,136100,,36,1,,,,,
4032418738,Handle Rem Set Vario 125 F1 Cbs,62654543691,,,,41600,,36,0,,,,,
4031526237,Kampas Kopling Racing Supra X125/Karisma,23390029452,,,,94500,,35,0,,,,,
4030161560,Dudukan Spion Jupiter MX LH,23390013079,,,,35100,,36,0,,,,,
4030128551,Handle Kopling Set Rumah Handle Kopling Satria Fu 150 New Drat Mur Spion 14MM,72654541304,,,,59900,,36,0,,,,,
4020053670,Saklar Kanan Mio/Sporty/Mio Soul/Jupiter Mx,32654540849,,,,50800,,72,0,,,,,
3974994525,Kaca Spion Set Karbon All motor Honda,63214714949,,,,44800,,32,0,,,,,
3936821043,Kampas Ganda Vega ZR/Jupiter Z1,72654521717,,,,103700,,24,0,,,,,
3936583069,Kampas Ganda Jupiter MX,62654521299,,,,103700,,36,0,,,,,
3933957791,Carburator Mio/Mio Soul/Sporty,42654538979,,,,212800,,40,0,,,,,
3931880884,Kunci Kontak Assy Vario 125 PGM F1/Vario 150 F1,80339901383,,,,194400,,24,0,,,,,
3931736399,Kunci Kontak Set Jupiter  MX,62654520110,,,,103100,,40,0,,,,,
3930680103,Kunci Kontak Set Vega ZR,72654519557,,,,81500,,35,0,,,,,
3919770254,Saklar Kiri VEGA R NEW,62654536693,,,,59400,,72,0,,,,,
3876724480,Kampas Ganda Set Mangkok Xeon/Xeon RC,24066804582,,,,266200,,45,0,,,,,
3865880304,Kabel Kopling Thunder 125,72042489468,,,,37800,,41,0,,,,,
3854299822,Coil Assy Set Cop Busi Satria Fu 150 Carburator,51144035821,,,,83200,,4,0,,,,,
3839171223,Shockbreker Vixion Old/Vixion New,52654536097,,,,200900,,36,0,,,,,
3832342098,Shockbreker Jupiter Z/ Force 1 ZR/Vega ZR/Vega R New,90339898937,,,,200300,,24,0,,,,,
3829129239,Rumah Handle Kopling/Dudukan Spion Megapro/Megapro New/Tiger/Tiger New,23390008601,,,,40500,,40,0,,,,,
3828814225,Gear Kick Stater Beat F1/Scoopy F1,52654534371,,,,56700,,12,0,,,,,
3819900186,Saklar Kiri Supra/Supra X,80339897510,,,,56200,,71,0,,,,,
3763883702,Kabel Kopling Supra XX,22698094583,,,,33500,,45,0,,,,,
3762907494,Selang Minyak Rem Universal 95 Cm,41815794429,,,,55600,,12,0,,,,,
3757203115,Handle Kopling Set Rumah Handle Kopling Satria Fu 150 Drat Mur Spion 12mm,22233785433,,,,59900,,36,0,,,,,
3749719844,Amper Kilometer,60808259420,,,,76100,,24,0,,,,,
3736365419,Kaca Spion Set  Bulat  Crome Drat Honda,90339896989,,,,52900,,24,0,,,,,
3734811193,Kran Bensin Vario / Beat,62654512652,,,,37300,,12,0,,,,,
3734300330,Cool Stater Satria Fu 150,42654512122,,,,23800,,70,0,,,,,
3674971614,Carburator RXS,80628899400,,,,187400,,12,0,,,,,
3674926296,Kiprok N - Max,80625994928,,,,103100,,35,0,,,,,
3663003936,Kampas Kopling RX King 6pcs,41823674905,,,,45900,,24,0,,,,,
3643340853,Master Cylinder Depan& Handle Supra/Supra X/Grand,70370418005,,,,88600,,24,0,,,,,
3637529419,Handle Kiri Vixion/RX King New,52654515802,,,,22100,,36,0,,,,,
3633949596,Saklar Kiri N Max,32654515416,,,,59900,,24,0,,,,,
3628321075,Kampas Ganda Full Set Mangkok RevoAbs/Blade,62654510316,,,,150100,,40,0,,,,,
3622532962,Saklar Kanan Supra/Supra X,80339894154,,,,48600,,72,0,,,,,
3620114155,Kunci Kontak Assy Soul GT/Xeon/Xeon RC/Nouvo,80339893736,,,,164200,,55,0,,,,,
3549864216,Karet Barstep Depan GLPRO_MEGAPRO,70818638979,,,,18400,,21,0,,,,,
3544385327,Kiprok Tiger,70449194496,,,,107500,,36,0,,,,,
3542122965,Kaliper Depan Set Kampas Rem Supra X/Supra X 125/Supra Fit/Supra Fit New/Karisma,60272552786,,,,112300,,70,1,,,,,
3539172512,Shockbreker Jupiter MX New- Jupiter MX Old,23389996315,,,,220900,,36,1,,,,,
3534412774,Kabel Kilometer Thunder 125,90339892249,,,,27000,,45,1,,,,,
3533250167,Rumah Roller Set Spin 125/ Skywave,80339891927,,,,119300,,12,0,,,,,
3462359852,Master Rem Kit Jupiter MX/MX New/Z/Z1/Z New/Vega R/R New/Vega ZR,71775558611,,,,16700,,24,0,,,,,
3439178879,Mangkok Lonceng Ganda Assy Supra Fit New/Legenda/Revo Old,32654472528,,,,172800,,30,0,,,,,
3438120659,Kaca Spion Cembung Mio Soul /Soul GT/ Mio J/Mio M3/Xeon,72654506095,,,,45900,,72,0,,,,,
3437359263,Kabel Gas Mega Pro New/Gl Pro,72654505531,,,,27500,,24,0,,,,,
3437050839,Kampas Ganda Assy Spin 125,32654471482,,,,165200,,40,0,,,,,
3436577159,Tombol Saklar Set Sen Hazard Revo Absolute,42654504748,,,,47000,,59,1,,,,,
3434568107,Kabel Kopling Satria Fu 150,23389992591,,,,29700,,45,0,,,,,
3433977130,Roller Spin 125/Skywave,32654503664,,,,40500,,24,0,,,,,
3432650036,Handle  Vario 150esp/Vario 125 esp/ Beat F1 Cbs LH,32654470169,,,,21100,,24,0,,,,,
3432640152,Shockbreker Revo Absolute/ Blade,72654502605,,,,215500,,24,0,,,,,
3432003485,Spool Supra X125/Karisma+ Fuser,62654502434,,,,99900,,24,0,,,,,
3430742629,Kunci Kontak Set Mio M3/Mio 125,62654502025,,,,156100,,40,0,,,,,
3429599535,Spull Assy Thunder 125+ Fuser,32654501614,,,,166900,,38,1,,,,,
3423808470,Gear Kick Stater Spin 125/Skywave/ Skydrive,23389989837,,,,54000,,48,0,,,,,
3419567570,Saklar Kiri LH Vixion Old( Ada On/Off Lampu),62654468036,,,,59400,,72,0,,,,,
3345637047,Tutup Tangki Bensin RX King New,60537775870,,,,56700,,30,0,,,,,
3344900485,Shockbreker Smash,40487323996,,,,200300,,24,0,,,,,
3344884298,Shockbreker Vixion New,30486437445,,,,200900,,36,0,,,,,
3344374617,Tromol Belakang/Hub Rear Vega ZR_Jupiter MX_Jupiter Z New_Jupiter Z1_Vega R New,30448353688,,,,207400,,49,0,,,,,
3337045821,Kampas Ganda Assy Jupiter Z/Vega R/Vega R new,52654499781,,,,104800,,30,0,,,,,
3333734724,Handle Rem Variasi Mio J/Mio/ Soul GT/Xeon/Sporty,42654499351,,,,49100,,45,1,,,,,
3332254000,Shockbreker Supra X125/Supra Fit New /Karisma,52654498966,,,,215500,,44,0,,,,,
3329070931,Pelatuk Klep Mio/Mio Soul/Fino/Sporty/Nuvo/Smile,23389987507,,,,45900,,12,0,,,,,
3323978376,Master Cylinder Rem Depan & Handle Megapro/GLpro/Tiger,72654497868,,,,88600,,48,0,,,,,
3319904100,Saklar Kiri Mega Pro New 2010-2011,42654497742,,,,67000,,72,0,,,,,
3275664929,HandGrip Timbul Universal,53280420638,,,,31900,,24,0,,,,,
3234629171,Oil  Seal Komplit Supra/Grand,52654497373,,,,22100,,35,0,,,,,
3232052037,Spool Shogun 110+Fuser,72654496767,,,,99900,,12,0,,,,,
3222021771,Saklar Kanan Vega R New,42654465543,,,,45900,,72,0,,,,,
3181003356,Filter Udara Mio Soul,73268742921,,,,26500,,24,0,,,,,
3153553438,Dudukan Foot Step Belakang Supra X 125 Helm In,60109900023,,,,199300,,24,0,,,,,
3149607780,Kran Bensin Supra Fit New,62654496259,,,,32900,,12,0,,,,,
3147437641,Spool Assy Satria Fu 150,23389956871,,,,134500,,12,0,,,,,
3147250080,Kunci Kontak Assy CBR150 Tahun 2011,72654464730,,,,248400,,23,0,,,,,
3129624300,Saklar Kiri LH Fino,23389984557,,,,89100,,22,0,,,,,
3090611612,Standar Samping Vixion,94612989302,,,,45400,,30,0,,,,,
